id,name,age
1,John Doe,28
2,Jane Smith,34
3,Emily Johnson,45
4,Michael Brown,23
5,Jessica Davis,31
6,Daniel Wilson,29
7,Laura Martinez,37
8,David Anderson,41
9,Sarah Thomas,26
10,James Jackson,33
11,Olivia White,30
12,William Harris,27
13,Ava Martin,22
14,Isabella Thompson,35
15,Mason Garcia,38
16,Mia Martinez,32
17,Ethan Robinson,24
18,Harper Clark,36
19,Alexander Rodriguez,39
20,Amelia Lewis,40
21,Elijah Lee,25
22,Charlotte Walker,42
23,Lucas Hall,43
24,Sophia Allen,44
25,Henry Young,46
26,Abigail King,47
27,Jackson Wright,48
28,Emily Scott,49
29,Jack Green,50
30,Scarlett Adams,51
31,Samuel Baker,52
32,Victoria Gonzalez,53
33,Matthew Nelson,54
34,Grace Carter,55
35,Joseph Mitchell,56
36,Chloe Perez,57
37,Levi Roberts,58
38,Ella Turner,59
39,Isaac Phillips,60
40,Aria Campbell,61
41,Christopher Parker,62
42,Penelope Evans,63
43,Andrew Edwards,64
44,Lillian Collins,65
45,Joshua Stewart,66
46,Sofia Sanchez,67
47,Anthony Morris,68
48,Zoey Rogers,69
49,Thomas Reed,70
50,Stella Cook,71
51,Charles Morgan,72
52,Ellie Bell,73
53,Caleb Murphy,74
54,Lucy Bailey,75
55,Christian Rivera,76
56,Anna Cooper,77
57,Jonathan Richardson,78
58,Addison Cox,79
59,Connor Howard,80
60,Willow Ward,81
61,Isaiah Torres,82
62,Nora Peterson,83
63,Adrian Gray,84
64,Scarlett Ramirez,85
65,Jeremiah James,86
66,Victoria Watson,87
67,Angel Martinez,88
68,Audrey Brooks,89
69,Lincoln Kelly,90
70,Claire Sanders,91
71,Josiah Price,92
72,Zoey Bennett,93
73,Adam Wood,94
74,Hazel Barnes,95
75,Nathaniel Ross,96
76,Ellie Henderson,97
77,Brayden Coleman,98
78,Elizabeth Jenkins,99
79,Levi Perry,100
80,Emily Powell,101
81,Isaac Long,102
82,Aria Patterson,103
83,Christopher Hughes,104
84,Penelope Flores,105
85,Andrew Washington,106
86,Lillian Butler,107
87,Joshua Simmons,108
88,Sofia Foster,109
89,Anthony Gonzales,110
90,Zoey Bryant,111
91,Thomas Alexander,112
92,Stella Russell,113
93,Charles Griffin,114
94,Ellie Diaz,115
95,Caleb Hayes,116
96,Lucy Myers,117
97,Christian Ford,118
98,Anna Hamilton,119
99,Jonathan Graham,120
100,Addison Sullivan,121